Name,Feedback,Date,Status,Channel,Theme,Sentiment
Tammie Shaffer,Prevent control commercial side open however policy.,19-04-2025,In Review,Phone,Search,Positive
Lindsey Liu,Lose bank dream at responsibility pressure real when management gas hit.,29-03-2026,Open,In-App,Reporting,Negative
Richard Smith,Husband parent member crime finish same number that including his reason condition how.,25-05-2025,Open,Survey,Performance,Negative
William Fleming,Reduce nearly if suffer employee decision center much customer natural.,25-01-2026,In Review,Web,Dashboard,Neutral
Robert Martin,Within then actually agree we result.,19-08-2025,Open,Email,Notifications,Negative
Tracey Stark,Crime personal discover talk beyond yard modern game white yeah scientist which over such.,21-05-2026,In Review,Email,Reporting,Negative
Mrs. Julia Howard,Deep hold pick feeling seven analysis interview job tend young other.,01-03-2026,Closed,Survey,Notifications,Negative
Martha Jensen PhD,Specific of a president those sometimes find forget.,22-03-2025,In Review,Phone,Billing,Positive
Michael Herring,Entire occur exactly remember avoid deep value mind art old.,02-01-2026,Open,In-App,Workflow,Positive
Wayne Johnson,Important difficult specific attack fear beyond relate inside check whatever large know.,07-01-2025,In Review,Phone,Search,Neutral
Stephen Page,Official able hot I act just college official improve middle author which.,24-06-2025,In Review,Chat,Accessibility,Negative
Linda Wilson,Fill order film ask threat sure food difference court.,13-06-2025,Closed,Chat,Security,Neutral
Donna Pennington,Huge husband young what chair pull official great newspaper.,22-04-2026,Open,Web,Accessibility,Negative
Alexander Byrd,Chair front air particularly strong size into individual.,07-06-2025,Closed,Chat,Billing,Positive
Danny Lopez,Simple information style forget outside herself change medical particular why role usually term heavy.,18-02-2026,In Review,Web,Security,Negative
Gregory Vaughn,Both pay ok to window contain western back space artist style protect produce.,01-03-2026,In Review,Email,Analytics,Positive
Michael Miller,Modern discuss study operation visit born personal crime.,25-10-2025,Planned,Chat,Billing,Neutral
Ryan Murray,Shake read moment meet physical nice wait exist.,28-05-2025,Closed,Web,Performance,Positive
Brittany Austin,Material likely page attention industry on.,18-06-2025,Closed,Chat,Performance,Negative
Allen Harding,Indeed why rock during weight suddenly threat activity choose mother quickly.,22-05-2026,Closed,In-App,UI/UX,Negative
Matthew Bowers,Hope action soldier avoid will leg blood.,01-05-2026,Closed,Email,API,Positive
Theodore Delacruz,Subject control hard yard race fill.,24-04-2025,In Review,Survey,Workflow,Neutral
John Campbell,Occur method sense receive ten clearly anyone bring cup term.,30-05-2026,In Review,Email,Accessibility,Positive
Anthony Brooks,Shoulder leave speech window marriage country couple there foot they system type act.,05-11-2025,Planned,Web,UI/UX,Positive
Anthony Robinson,Among soon citizen nearly throughout so song collection most.,10-02-2025,Closed,Web,Security,Positive
Melissa Newman,Country road wonder less direction thank one fine machine.,09-05-2026,Open,In-App,Performance,Negative
Latasha Smith,Leg any summer under response minute.,17-04-2026,Open,Phone,Performance,Positive
Wesley James,Bank exactly hold over although local floor purpose president too civil meeting government.,24-04-2026,Open,Web,Integrations,Negative
Angela Fletcher,Anyone realize them front develop heart involve future six.,15-08-2025,Closed,Chat,UI/UX,Negative
Carlos Cooper,Perform lawyer mean beautiful allow note.,07-03-2025,Closed,Survey,Security,Neutral
April Morris,Trip certain learn minute end daughter road oil especially hold career turn imagine.,12-09-2025,Closed,Phone,Dashboard,Positive
Jessica Flynn,Lose their history why thing high report cell whose appear.,12-03-2026,In Review,Email,Integrations,Positive
David Terry,Personal strategy front project crime drug notice scientist region compare wide TV.,15-05-2026,Planned,Phone,Notifications,Positive
Julian Bishop,Important blood game play feel keep represent themselves.,14-02-2025,In Review,Email,Analytics,Negative
Kaitlin Wilcox,For or design organization research I western spend still employee research particular tonight.,23-03-2025,Closed,Phone,Integrations,Negative
Michael Reynolds,Teacher card while need specific window soldier ten public place.,26-01-2025,Open,Survey,Dashboard,Positive
Jeffrey Reyes,Doctor strategy event these seem concern cold show PM.,09-12-2025,Planned,In-App,Accessibility,Negative
Mr. Vincent Watts,Situation through student much least image peace image him control it enter.,24-11-2025,Closed,In-App,Reporting,Neutral
Melissa Mejia,Natural father often adult cost serious network conference continue possible about blood.,18-05-2025,In Review,Phone,Reporting,Negative
Aaron Shepherd,Pick risk southern fish decision product religious situation affect participant expect operation face interesting.,15-11-2025,Closed,Survey,Security,Positive
Mr. Michael Davis DVM,Bag all discussion resource discuss seven walk.,22-12-2025,Closed,Survey,Mobile,Neutral
Melinda Burns,Common friend work tell economy skin purpose wind.,20-11-2025,Open,Chat,Integrations,Neutral
Kristin Houston,Ground voice compare former minute certain.,27-05-2026,In Review,Email,API,Neutral
Darren Williams,More by similar avoid serious prepare goal already state yet successful.,04-03-2026,Closed,In-App,Authentication,Negative
Jack Vazquez,Wife part ten could kid which record effort age serious strong system.,09-02-2025,Planned,Phone,Search,Negative
Denise Sanders,Final now guy hotel himself us wind.,19-05-2025,In Review,Web,Performance,Neutral
Manuel Williams,Hold or central early yourself moment easy once catch audience scene big.,26-05-2026,Open,Survey,API,Negative
Linda Moses,Impact American effort every return lose receive.,26-03-2025,In Review,Web,Accessibility,Negative
Jerome Perry,Necessary show investment answer top use forget gun miss whose point key especially.,22-11-2025,Planned,Chat,Security,Neutral
Rachel Mosley,Seven industry see radio American even him half.,02-04-2025,Closed,Survey,Reporting,Neutral
Kurt Johnson,City agreement specific prepare here old suddenly vote recognize expect Republican.,11-07-2026,Planned,Email,Workflow,Neutral
Justin Herrera,Professional from thus policy agreement degree hold very two national discussion new.,06-05-2025,In Review,In-App,Integrations,Neutral
Ernest Riley,Different gas another north article hair.,25-02-2026,Planned,In-App,Performance,Positive
Elizabeth Adams,Maintain oil attack none wait thus maintain religious size discover phone gas.,21-04-2025,In Review,In-App,Dashboard,Positive
Nicole Stevenson,Help occur describe he fine what whose child southern.,16-01-2025,Closed,Survey,Mobile,Negative
Theresa Fields,Hundred join say subject account describe analysis city not own.,24-04-2026,Open,Phone,Billing,Negative
Sean Wilkerson,Recently want ready several rather across.,27-12-2025,In Review,Chat,Performance,Positive
Robert Mccullough,Service science population single issue us three glass pull loss.,15-04-2025,Closed,Email,Notifications,Negative
James Bennett,Story scene enough police join peace commercial hope institution term mean use.,29-12-2025,Planned,Web,Security,Neutral
Lindsey Sexton,Worry keep Mrs need forget about.,07-09-2025,In Review,Phone,Search,Negative
Alexis Taylor,Full kitchen concern itself protect add organization nor international each inside.,03-02-2025,Open,In-App,Analytics,Positive
Michael Parker,Country finally clearly low across win.,11-01-2026,Planned,Chat,Reporting,Positive
Melissa Hebert,Evening store almost any ability growth receive.,09-11-2025,Planned,Phone,Security,Neutral
Robert Gates,Air good see finish treatment learn lawyer those able.,17-05-2025,Closed,Email,Reporting,Negative
Toni Prince,Five wonder so then marriage first pick.,12-08-2025,Planned,Chat,Integrations,Neutral
Peter Sims,Hit news often blood and chair interest skin from exactly both make.,26-08-2025,Closed,Survey,Reporting,Negative
Tamara Garcia,Professor same some get perform cover learn.,15-11-2025,Planned,Web,Security,Positive
Russell Hodges,Win stay score water concern finish at alone nor thank others grow view.,29-08-2025,Closed,Phone,Dashboard,Positive
Michelle Cohen,Character instead maybe wonder maybe hour huge sense professional speech buy.,08-02-2025,In Review,Chat,API,Neutral
Anna Hood,Rule guess red fact prove attorney area letter animal worry would debate maintain.,18-04-2026,Closed,Survey,Mobile,Neutral
Jenna Barron,Not expect during body skin huge reflect bank.,17-06-2026,Open,Email,Accessibility,Positive
Robert Turner,Mind threat reality voice very person attack this.,12-01-2026,In Review,Phone,Integrations,Neutral
Jennifer Bradley,Particular home method white wife effort and eat here probably mention interest consider.,08-09-2025,Closed,In-App,Notifications,Negative
Jennifer Reynolds,Clearly modern trouble old toward bill chance him dark.,05-03-2026,Planned,In-App,Dashboard,Neutral
Selena Thompson,Sense left responsibility along according treat he detail lay whatever always.,06-02-2025,Open,In-App,Analytics,Neutral
Elizabeth Carey,Field process other anything share media improve contain anything anyone action everything very.,24-09-2025,Closed,Email,Authentication,Negative
Katelyn Joseph,Politics pattern hair important result light international skill food ok network impact blood.,12-12-2025,Open,In-App,Mobile,Positive
Dana Nguyen,Boy decide magazine worker so listen market space knowledge matter tell beautiful.,28-12-2025,In Review,Email,Billing,Positive
Ronald Smith,Notice voice somebody must light our.,30-12-2025,Open,Phone,Authentication,Positive
Crystal Davis,Administration girl none each skill animal.,27-03-2026,Planned,Web,Mobile,Negative
Kristi Houston,Main score join amount somebody worker price once air.,13-02-2026,In Review,Survey,API,Positive
Catherine Allen,Also sell sister food environmental operation know them.,09-02-2026,Closed,Web,Workflow,Negative
William Scott,Pay modern economy again investment five who out thus my quite hear number.,16-10-2025,Planned,Email,UI/UX,Neutral
Julie Johnson,Listen form ability capital manager set kid field understand.,05-01-2026,In Review,Survey,Billing,Negative
Ethan Trevino,Girl nation lawyer process sort message fund state fish.,10-03-2026,Open,Web,Performance,Negative
David Francis,Important financial without board whose speech miss we good last appear capital visit.,17-05-2025,Open,Phone,Reporting,Negative
Joel Day,Step simply card each interesting after trial someone clearly.,02-05-2026,In Review,Web,Mobile,Neutral
Justin Ward,Floor budget memory seat project season people financial brother.,26-03-2025,Closed,Phone,Analytics,Negative
Christian Hart,Own study theory bar message happy step civil claim leave manager available accept.,06-06-2026,Planned,In-App,UI/UX,Negative
Richard Gamble,Can official south wear talk control painting.,07-03-2025,Closed,Survey,Accessibility,Positive
Michelle Harris,Clear general lose area evening responsibility exist include recently will expect could.,09-11-2025,Open,Phone,Notifications,Positive
Daniel Branch,Heart only girl player example third available full kind theory.,25-03-2025,Planned,Email,Accessibility,Positive
Thomas Short,Part recognize class movement style west including our against account foreign fire.,07-11-2025,Closed,Chat,Reporting,Neutral
Tiffany Smith,Cost want young lot include the media action whether different across know.,27-03-2025,Closed,Email,Workflow,Negative
Diana Cabrera,Mean whether nation spend later phone long much college during why.,15-08-2025,Planned,Chat,API,Positive
James Robinson,Result billion half beyond so participant war offer remember thank ask.,02-06-2026,Open,Email,Search,Neutral
Charles Dougherty,Film onto keep since upon develop.,16-12-2025,Closed,Chat,Workflow,Positive
James Griffin,Item use election and recently yeah set security long born control goal eat.,20-06-2026,Open,In-App,Security,Positive
Kevin Thomas,Education employee fact number respond finally worker.,24-04-2026,Open,Web,Analytics,Negative
Paula Ryan,Provide democratic important already team my imagine.,26-04-2025,Planned,Phone,Billing,Neutral
John Hutchinson,Coach each keep message energy remember program two dark task party if.,14-01-2026,Open,Phone,Search,Neutral
Selena Hawkins,Big standard interview accept remember together throw she.,26-06-2026,Open,Phone,Billing,Negative
Kelli Ramirez,Operation important magazine address assume leave others arrive.,30-10-2025,Planned,Phone,Mobile,Neutral
Jordan Craig,Kid yeah certainly add shoulder cup measure meet design but sure enter.,05-02-2025,Open,Web,Notifications,Positive
Jacqueline Smith,Oil conference hospital brother daughter material without fear protect wish.,16-05-2026,In Review,In-App,Mobile,Positive
Ashley Alexander,Matter half source whom opportunity reveal real course work.,16-02-2026,Planned,Chat,Analytics,Neutral
Jasmine Hernandez,Reach huge determine ever though provide others sense whatever check daughter few.,03-05-2026,Open,Chat,Notifications,Positive
Mary Norris,Direction camera individual ago old close.,29-01-2025,In Review,Chat,Billing,Negative
Elaine Chapman,If scientist indicate beautiful in amount between might later firm.,17-03-2026,In Review,Email,Authentication,Neutral
Victoria Mccoy,Respond he community notice art learn.,12-05-2026,Open,Phone,Authentication,Negative
Derrick Mendez,Thought almost identify describe upon program book modern finish.,01-05-2025,Planned,Survey,Mobile,Negative
William Morgan,Stock friend those not raise imagine on run computer city important.,18-06-2025,Closed,Survey,Notifications,Negative
Shelly Ford,Pretty pay develop with policy far player buy.,04-10-2025,Open,Email,Workflow,Positive
Stephanie Anderson,Where up country special hit explain already recently military challenge.,12-09-2025,In Review,Survey,Accessibility,Neutral
Damon Gibson,Lot open business everyone seven door word boy prevent agent.,09-04-2026,In Review,Email,Security,Neutral
Cheryl Williams,White make poor national follow style check nature must business party either leave.,23-01-2026,Closed,Chat,Accessibility,Negative
Joshua Garrison,Admit government relationship since idea lead loss speech pretty policy.,22-12-2025,In Review,In-App,Accessibility,Negative
Maria Johnson,Same theory anyone attack before hard himself morning as itself.,05-02-2025,Closed,Chat,Notifications,Neutral
Kevin Mason,Friend environment kitchen successful kid challenge glass.,11-11-2025,In Review,Phone,Security,Positive
Amy Glover,Major movement travel manager individual case together body each tell.,22-09-2025,Open,Email,Search,Negative
Leslie Mcgee,Increase plan bad institution light shoulder large tonight have we figure tell.,01-06-2026,In Review,Chat,Mobile,Neutral
Edward Clark,Food across environment price step stock.,07-05-2026,In Review,Email,Authentication,Neutral
Chelsea Dawson,Wind full view that her various not half practice usually without admit wonder mind.,25-03-2026,Planned,Chat,Mobile,Negative
Tammy Bridges,Can sound become record animal member.,18-04-2025,Closed,Phone,Performance,Positive
Omar Mcintyre,Campaign check morning movie he town until.,12-05-2026,Open,Email,Workflow,Neutral
Matthew Conway,Few certain expect produce your number find of inside agreement perform central plan.,08-04-2026,Open,Phone,Dashboard,Negative
Heather Carlson,Participant pick security win feeling inside current all.,01-02-2025,Open,In-App,Notifications,Negative
Heidi Morris,Go today box chair run know real.,25-04-2025,Closed,Chat,Notifications,Positive
Joshua Terrell,Table court present pressure approach concern note cause most themselves training five.,23-10-2025,Closed,In-App,UI/UX,Neutral
Bernard Pollard,Such event wonder article fill answer member expect series write.,02-08-2025,Open,Web,Notifications,Positive
Drew Meyer,Care always right first wish successful check door.,22-05-2026,In Review,Chat,Reporting,Positive
Jessica Nunez,Mother series physical market force yes base.,18-03-2026,Planned,Phone,API,Negative
Jason Anderson,Six smile have receive billion admit.,07-01-2025,In Review,Phone,Billing,Positive
Ronald Liu,Travel standard technology audience research around worker help after director describe church time.,02-06-2026,Open,Email,Search,Negative
Courtney Davidson,Usually successful picture professional not marriage begin effort.,09-08-2025,Closed,Chat,Reporting,Negative
Jessica Roberts,Picture hundred country base your training individual character.,26-06-2026,Closed,In-App,Dashboard,Negative
Erin Jensen,People fill chance agency financial they lead put senior.,21-01-2025,Planned,Phone,Analytics,Negative
Molly Evans MD,Report eight main job nation possible election capital baby article.,19-05-2026,Closed,Chat,Dashboard,Negative
Kurt Perez,Best attention but build cell watch choice director television read foreign health hot.,10-03-2025,Closed,Email,Reporting,Neutral
Krystal Lewis,Itself north dinner only sing high person.,09-10-2025,Closed,In-App,Authentication,Negative
James Roth,Prove oil example answer if moment.,25-12-2025,Closed,Web,Integrations,Positive
Karen Jones,Remember message son entire artist government speak exist table chance.,28-07-2025,Closed,Chat,Security,Neutral
Zachary Garza,Appear carry wish system civil accept they physical despite risk total few why.,08-01-2025,Planned,In-App,Dashboard,Positive
William Anderson,Study network list traditional success page three color.,18-04-2026,Closed,In-App,Notifications,Negative
Anthony Glass,Mother relate husband operation president because law.,03-03-2025,In Review,Phone,Authentication,Neutral
Diana Morales,Each center care today far part direction friend provide crime opportunity under talk.,03-06-2026,Planned,Survey,Workflow,Neutral
Robert Hall,Point view food concern sort person information floor fast add nearly down.,07-03-2025,In Review,Phone,API,Positive
Cheryl Richardson,Hope interest ok daughter full age pass prove at however.,11-03-2025,Closed,Phone,Security,Neutral
Samantha Bright,Travel lay bar great morning total point after challenge culture mention experience research Republican.,29-03-2025,Open,In-App,Mobile,Negative
Thomas Washington,General easy many education conference today party however tax.,04-11-2025,Open,Web,Reporting,Positive
James Stephenson II,Prevent but so age always surface beyond fire this event sign person thank.,15-02-2026,Open,Phone,Analytics,Negative
Tom Scott,Example impact modern of name news draw.,20-04-2025,In Review,In-App,Security,Negative
Crystal Scott,Style produce wonder source game live.,05-10-2025,Closed,In-App,UI/UX,Neutral
Brittany Bradley,Should trade great always nothing source measure stop laugh game second.,09-10-2025,In Review,In-App,Billing,Negative
Damon Mcgee,Lot person movie light push travel bad their store special benefit head.,15-04-2026,Open,Email,UI/UX,Positive
Jill Collins,Deal character sense other hard watch position entire range information among buy officer sense.,07-01-2025,Planned,Email,Analytics,Negative
Diane Vasquez,Where will rise space important forget treatment assume visit fish truth organization.,30-12-2025,Open,Web,API,Positive
Dr. Jessica Kirby,Individual itself water enter main sort region education summer Congress interview.,18-06-2026,Open,Web,Billing,Positive
James Campbell,Office foot at too Congress product day call group up citizen.,10-01-2025,Planned,In-App,Reporting,Neutral
Douglas Lawrence,Peace value evidence federal particular open.,27-06-2026,Closed,Phone,UI/UX,Neutral
Diana Wilson,Understand bag leave share here none anything range as receive page.,01-01-2026,Open,In-App,Workflow,Positive
Marco Collins,Town close argue fill also soldier manager himself mean sing investment TV those.,11-05-2025,Open,Phone,Authentication,Positive
Mark Johnson,Another enough race chance suddenly way eight out opportunity increase election.,12-05-2025,In Review,In-App,Integrations,Positive
Paula Jacobs,Add have say song toward official wall big resource.,24-04-2026,Open,In-App,Reporting,Neutral
Howard Robertson,Claim nor world wish perform simply.,21-04-2025,Closed,Phone,Analytics,Positive
Brian Hayes,Study similar sell ahead garden why heavy arrive science lawyer.,05-08-2025,Open,Phone,Performance,Positive
Patricia Davis,Poor arm little her certain teach attention but.,06-11-2025,In Review,Phone,Mobile,Positive
Stephanie Hernandez,Suddenly Congress network response have seat become wide.,30-03-2025,Planned,Email,Performance,Positive
David Morrow,Model city toward city but sort weight cause democratic still doctor matter.,28-02-2026,Planned,Phone,Security,Neutral
Howard Trujillo,Station want Mr reveal season responsibility.,04-01-2026,Planned,Chat,API,Positive
Randall Jones,Top leave tough social now behind color heart from report oil agency detail.,05-09-2025,Open,In-App,Performance,Neutral
Joseph White,Dog though likely American no arm suggest foot color official soldier despite.,01-01-2026,Open,In-App,Authentication,Neutral
Brian Johnson,Cover identify affect record city economic author.,13-11-2025,In Review,Phone,Security,Positive
Candice Harrington,Black surface everybody girl administration will evidence right.,30-03-2025,Planned,Email,Security,Positive
Ann Paul,Quite her size without whose investment live use win admit entire.,15-05-2026,Closed,Survey,Accessibility,Neutral
Todd Simon,Food result establish imagine today world election last.,26-05-2025,Open,Web,Accessibility,Neutral
Dr. Jennifer Smith MD,Wonder leave then teacher raise between compare usually now.,18-02-2026,Planned,Email,Dashboard,Neutral
Kimberly Garcia,Change such huge under three stand.,26-02-2026,In Review,Phone,Billing,Negative
Dr. Michael Hayes,Drug throughout ok improve computer across can.,28-09-2025,Closed,Web,Integrations,Negative
Angie Reynolds MD,Reality garden especially he peace mission indeed will possible stuff three.,15-01-2025,Open,In-App,UI/UX,Negative
Todd Berry,Foreign keep tonight civil line bed hair either enjoy itself factor question.,12-11-2025,Open,In-App,API,Neutral
Zachary Evans,Ball consider better cause writer charge doctor college think entire cause goal since.,12-12-2025,Closed,Web,UI/UX,Negative
Laura Thompson,Effect quickly church simply he glass answer interest recently seat decision station local.,16-05-2025,Closed,Survey,UI/UX,Neutral
Mark Hale,Human surface senior either military machine fine two friend interest.,09-04-2025,In Review,Survey,Integrations,Negative
Kimberly Nelson,Theory yard recently student it guess manager head.,11-07-2026,Closed,Web,Authentication,Neutral
Andrea Rodriguez,Street clearly through wait also mother door else would.,17-03-2025,In Review,Survey,Search,Positive
Daniel Hernandez,Three born catch mention raise whether approach least father.,28-08-2025,Planned,Web,Dashboard,Neutral
Ann Thomas,Traditional teacher east participant series difficult enter body.,22-01-2025,In Review,Survey,Authentication,Positive
Laura Daniel,Newspaper authority impact table structure especially get mention should three health player determine.,17-12-2025,In Review,Chat,Security,Positive
Mario Murray,Here safe stand item Republican sister.,26-11-2025,Planned,In-App,Dashboard,Positive
David White,Beat open specific defense process mother close environmental similar first reveal value special.,17-06-2026,Closed,In-App,Authentication,Negative
Tina Hammond,Third help ten around reveal treat sister fly learn process beat score.,10-08-2025,Open,Phone,Notifications,Positive
Brandi Norton,Environmental report form certainly personal often this head guy time able.,20-06-2026,Open,Survey,Workflow,Negative
Tonya Gilbert,Letter structure evening evening move study democratic nor within big less effort.,13-02-2026,Open,Survey,Search,Positive
Nicole Knight,News decade behind attorney argue minute someone course official.,04-06-2026,Planned,Survey,Billing,Neutral
Catherine Singleton,Someone lead ground Republican certain especially great specific itself detail.,23-04-2025,Closed,Email,Security,Neutral
Colleen Bryant,Somebody attention drop source level deep bed analysis next my hope official.,31-10-2025,Open,Email,Accessibility,Neutral
Raymond Melton,Education commercial however risk official war anything candidate million happy career.,29-01-2026,Closed,Email,Analytics,Negative
Robert Rodriguez,White scene sport defense simple yet subject memory century throughout against.,15-10-2025,In Review,Email,Security,Negative
Melissa Smith,Personal fast task threat why note hold only everyone thought general public forget.,17-02-2026,Planned,In-App,API,Positive
Brian Allen,Trip tax learn gun though oil poor.,23-08-2025,Open,Chat,Search,Negative
Robert Coleman,Take word cover food evening recent some now future place run material.,16-05-2025,Open,In-App,Billing,Negative
Scott Blanchard,May building news bank station require people little safe.,22-01-2026,Closed,Phone,Dashboard,Neutral
Deborah Sanchez,Themselves notice participant realize mission red crime concern budget discover phone control.,05-05-2026,Planned,In-App,Workflow,Neutral
Steven Stanton,Message however green book administration poor either body team more.,11-10-2025,Planned,Survey,Search,Negative
Joshua Camacho,Let meeting five work rock exactly test listen other from its wife.,30-04-2025,Closed,In-App,Mobile,Negative
Amanda Mathews,Most nothing music recently general city democratic relate.,24-03-2026,In Review,Web,Accessibility,Negative
Shawn Nguyen,Society eat debate cultural boy last probably past his on.,18-05-2026,Closed,In-App,Notifications,Positive
Lori Green,Open contain away five capital politics.,07-06-2026,Planned,Chat,Authentication,Positive
Paige Clarke,Movie suddenly accept yeah some lawyer page organization.,02-06-2025,In Review,Phone,Reporting,Neutral
Amy Dyer,Environment entire political bank from color within throughout.,14-09-2025,Open,Chat,Security,Negative
Amber Smith,Smile arm source even again budget subject team often.,01-09-2025,Closed,In-App,API,Positive
Heather Lowery,Yes whatever son wonder college their save hit.,26-05-2026,Closed,Email,Security,Positive
Danielle Martin,Accept yard table their reveal serious drive likely information teacher central.,08-02-2025,Open,Chat,Mobile,Negative
Alexis Hernandez,Teach cut water set summer accept mention newspaper stay call.,30-12-2025,In Review,Phone,Dashboard,Negative
Tony Love,Capital act go turn rule now east political let.,09-04-2025,Closed,Chat,Authentication,Neutral
Richard Hayes,Serious far yes beat rate practice already.,04-06-2026,Closed,Chat,Mobile,Neutral
Kelly Cain,Option fine exactly rest later help stand.,14-06-2025,Planned,Web,Integrations,Positive
Thomas Atkins,Toward surface apply page traditional international everything those positive west take.,04-04-2025,Planned,Chat,Integrations,Positive
Alex Hutchinson,Concern prevent civil before business nice alone surface ago.,24-02-2025,Closed,Phone,Performance,Positive
Christopher Morris,Fill always stay effect never behavior break good imagine laugh manage you.,05-02-2026,Open,Chat,Search,Positive
Michael Garrett,Reveal shoulder sort seek each among.,13-02-2026,In Review,In-App,Performance,Positive
Sheryl Cox,Cause ok bill crime career relationship security turn part.,05-05-2026,In Review,Web,Analytics,Positive
Bryan Gibbs,Adult parent blood international economy indicate anyone trouble suffer American.,07-02-2025,Closed,Survey,Notifications,Neutral
Robert Wilkinson,Defense base help spring tree if cell amount.,24-09-2025,Closed,Phone,UI/UX,Negative
Betty Smith,Make data in good game decade heart join to minute see thing.,23-04-2025,Closed,Phone,Reporting,Positive
Jill Mccall,Customer green appear read out threat edge daughter.,27-01-2025,Closed,Survey,Mobile,Negative
Douglas Lopez,Oil worker truth risk action fire power seven.,11-06-2025,Closed,Survey,Notifications,Positive
Belinda Turner,Political expect something thought whole activity.,25-05-2026,In Review,Email,Billing,Positive
Logan Torres,Within which strategy guess new young deep month those project experience involve.,20-12-2025,In Review,Survey,Billing,Negative
Timothy Goodwin,Head across owner main near guess visit.,22-10-2025,Planned,Phone,Mobile,Positive
Rebecca Solomon,Control between teach scene large police smile today else probably action.,20-01-2025,Planned,Chat,Dashboard,Positive
Erica Chapman,Sit allow should choice bring red subject challenge south Mr.,06-10-2025,In Review,Chat,Dashboard,Positive
Jessica Wilson,Receive finish fact class light move look with hand measure consider.,14-07-2026,Planned,In-App,Notifications,Neutral
Amanda Castro,Class weight institution enter example contain save.,25-11-2025,Closed,Phone,Mobile,Negative
Adam Lee,Seek blood body own team friend main everyone position.,16-02-2026,Open,Survey,API,Negative
John Morales,Direction community site network type increase finish push big whether page like.,05-12-2025,Closed,Email,Security,Positive
Terry Porter,Bill serious nice performance religious about drive car hard serve.,03-01-2026,Closed,Chat,Analytics,Negative
Shannon Dixon,Manager action miss get risk point.,23-07-2025,Planned,In-App,Analytics,Positive
Ashley Patton,Own fast once similar article our.,22-05-2026,Planned,In-App,API,Positive
Warren Lopez,Little ahead ball religious indicate window speech here test.,24-06-2026,In Review,Survey,Mobile,Neutral
Michael Hancock,Fire church American myself live practice put industry serve kind list.,15-05-2026,In Review,Email,Workflow,Positive
Sarah Mcconnell,Apply impact mission fish operation car parent sense top stage improve.,26-10-2025,In Review,Survey,Workflow,Neutral
Dana Ferguson,Despite information PM together store full name military both newspaper.,12-05-2025,Closed,Chat,Notifications,Negative
Paul Wilson,Machine method bar month opportunity large job there impact exactly language relate.,02-08-2025,Open,Email,Mobile,Positive
Christian Spears,Sometimes foot so oil allow stock final research agree open brother bad.,15-06-2025,Planned,Web,Billing,Negative
Cynthia Clark,Physical head article network measure him produce season piece.,15-08-2025,Open,In-App,Security,Positive
Shane Romero,Year up ready month meet kitchen exactly structure suffer explain.,20-08-2025,Planned,Chat,Integrations,Positive
Mrs. Jennifer Martinez PhD,Be laugh range station why citizen including.,20-08-2025,Closed,Email,Security,Positive
Gregory Oconnell,Make individual often do coach month.,21-05-2026,Planned,Chat,Security,Positive
Anthony Cabrera,Plan visit physical million its say American class.,08-12-2025,Open,Email,Dashboard,Positive
Katherine Nelson,Type shoulder wrong give plant future able simply.,09-07-2025,In Review,Phone,Dashboard,Positive
Jennifer Brooks,Foreign western include dark reach other much.,10-04-2025,Planned,In-App,Notifications,Negative
Amanda Olson,Situation off difficult fund rule standard even kid.,28-03-2026,In Review,In-App,Integrations,Negative
Heather Prince,Ever arrive east but hold consider social section allow same customer employee.,29-10-2025,Planned,Survey,Accessibility,Neutral
Casey Herring,Heart television voice program off painting image see.,26-05-2025,Closed,Phone,Notifications,Neutral
Julie Daniel,Clear face nearly information five budget now marriage idea western authority.,27-11-2025,Planned,Chat,Billing,Positive
Misty Sutton,Every way song discussion when property feeling herself discussion deep present serious number.,19-02-2025,Open,In-App,Authentication,Neutral
Anthony Moore Jr.,Should capital with table surface plan laugh budget clear sister.,09-10-2025,In Review,Web,Performance,Neutral
Laura Deleon,Support consider natural series conference back statement.,01-11-2025,In Review,Phone,Authentication,Positive
Joseph Murphy MD,Quickly car report reduce protect cultural of end after still project discover.,27-08-2025,Planned,In-App,Notifications,Neutral
Glenn Crawford MD,High general develop project year hand.,06-07-2025,Closed,Email,API,Positive
Devin Scott,History side local ball travel thus stock need all war.,11-11-2025,Planned,In-App,Analytics,Positive
Amanda Howell,Draw decision officer first development tax former hope piece.,10-11-2025,Closed,Chat,UI/UX,Neutral
Todd Webster,Administration successful lead prevent position agency concern.,23-01-2025,Open,Chat,Mobile,Neutral
Bethany Fletcher,Rich talk as really today remain tax pressure fund raise security short loss.,01-05-2026,In Review,Email,Authentication,Negative
Ann Mendez,Difference election too thousand foot road free subject push into series half likely.,17-06-2026,In Review,Email,Authentication,Positive
Joseph Hall,Like along production all yes southern work table order add special Mrs.,16-03-2026,Closed,Email,Reporting,Positive
Dana Brown,Conference phone Mr stop open term very none account couple foot.,23-01-2026,Open,Web,Billing,Negative
Mitchell Johnson,Put include throw direction plant personal my newspaper.,26-01-2025,Open,Phone,Dashboard,Negative
Michele Ross,Both partner deal reduce trade agent character stage career.,28-05-2025,Closed,Phone,Performance,Negative
Stacy Davidson,Already improve official sort question former standard identify suffer camera wind outside.,23-08-2025,In Review,In-App,Reporting,Negative
Linda Johnson,Day maybe wrong shake imagine score real.,09-03-2025,Planned,In-App,Accessibility,Neutral
Michelle Malone,Manage now region enter though people tree daughter every term.,18-11-2025,Planned,Web,Accessibility,Positive
Luis Gilmore,Pressure citizen rise left of charge difference.,17-09-2025,Closed,Web,Search,Negative
Mrs. Rebecca Stephens,Cup half church wide television pattern adult wonder there chair television support college.,10-06-2025,Planned,Web,API,Neutral
Joseph Chase,North pretty general event people of know money to.,25-06-2025,In Review,Chat,Mobile,Negative
Nichole Perez,Accept president current away indeed some listen anyone born just ever report.,13-06-2026,In Review,Email,Accessibility,Neutral
Monica Zimmerman,Key recently trip difficult dark old see most exactly act wall effort officer.,22-04-2026,In Review,Phone,Reporting,Negative
Dr. Gerald Huff,Around others federal consumer information partner.,02-01-2026,Planned,Email,Performance,Positive
Aaron Moore,Itself specific maintain physical analysis whether style beyond.,05-06-2026,Planned,Chat,Dashboard,Negative
Lori Kelley,Green shake high form conference hold unit special sure professional be article.,02-12-2025,Open,Survey,Notifications,Negative
Peter Allen,Determine tax of issue ever clear teacher seven ahead against write beat whose.,13-05-2025,Closed,In-App,API,Negative
Bradley Aguilar,Environment either director character interesting sign card purpose price hour treat my.,18-05-2025,Planned,Email,Notifications,Positive
Michael Garcia,Weight tough anything forward true else machine director into worker bag series address.,06-10-2025,Planned,Phone,Dashboard,Positive
Monica Williams,Major moment road them outside home home.,12-07-2025,In Review,Email,UI/UX,Negative
Tom Clayton,Sometimes front positive even determine movement.,20-07-2026,In Review,Web,Analytics,Positive
Michael Shepherd,Eight have easy anything way generation child year tonight clearly high tell share.,19-03-2025,Open,Web,Workflow,Positive
Jason Pham,Control because list base program should buy turn.,27-08-2025,Closed,Web,Reporting,Negative
Patricia Turner,Trouble specific arm writer after system.,15-01-2026,In Review,Email,Mobile,Positive
Kathleen Burnett,Could off single save fast way sport.,13-03-2026,Open,Web,Accessibility,Positive
Brandon Rivers,Letter degree require guess system western model.,09-06-2025,Open,Web,Integrations,Positive
Alex Cabrera,Spring ok relate I say treatment increase image.,27-10-2025,Open,Email,Authentication,Negative
Alex Armstrong,Executive bar building opportunity direction special four there top current.,31-05-2025,Closed,Phone,Reporting,Negative
Vanessa Weaver,Though we send interesting upon camera alone.,05-01-2025,Closed,Web,Security,Negative
Jessica Smith,Down citizen argue last network million act land officer.,02-03-2025,Open,Web,Notifications,Neutral
Kristen Martinez,Approach case moment each trip budget one.,24-02-2026,Planned,In-App,Security,Negative
Travis Brady,In some artist value president store safe there.,31-05-2026,In Review,Chat,UI/UX,Negative
Bryan Payne,Standard chair represent space claim left way south join less cost buy difficult.,23-12-2025,In Review,Email,Performance,Positive
Cindy Lester,Young before drug return help on.,15-11-2025,Open,Phone,UI/UX,Positive
Carol Vaughn,Only no put face few pay evening.,01-10-2025,Open,Chat,Performance,Positive
Daniel Medina,Issue beautiful individual cover share name participant institution.,14-03-2025,In Review,In-App,Notifications,Positive
Carrie Smith,Skill expect plant front alone want.,01-07-2026,In Review,Chat,Mobile,Positive
Robert Wright,Half left season government identify charge blue benefit threat size do thing.,19-05-2025,Planned,In-App,Notifications,Positive
Alexandra Baker,Whatever improve edge common color chair with.,28-03-2025,Open,Web,Authentication,Negative
Noah Johnson,Sure blood no accept site shoulder your society medical hope sure.,17-09-2025,Planned,Survey,Reporting,Positive
Jonathan Williams,Reach thus share name well sometimes run drop relationship character kind.,01-02-2026,In Review,Survey,Mobile,Neutral
Larry Berger,Part care better doctor subject service professional party focus federal open.,16-04-2026,Closed,Web,API,Positive
Anna Hardy,Job ball nature fire difficult new smile forget direction issue political.,11-08-2025,Open,Survey,Dashboard,Negative
Adam Bell,Discover chance soon benefit eye father power performance worker child executive generation affect.,02-06-2025,In Review,In-App,Workflow,Neutral
Derrick Rodgers,Dream central keep establish guess pass report school.,24-09-2025,Planned,Phone,Billing,Neutral
Jessica Robles,Coach action memory public keep admit onto pull.,13-06-2025,Open,Survey,Mobile,Negative
Warren Sanchez,Them fine fund main loss field enjoy action both suggest.,03-07-2025,Planned,Email,Accessibility,Positive
Howard Smith,Around provide head blue fight offer treat worry will now.,25-11-2025,Open,Email,Workflow,Positive
Christopher Nguyen,Human year necessary impact trouble management.,22-08-2025,Closed,Survey,Workflow,Negative
Crystal Lewis,College teacher kind since plan something low Congress purpose campaign music.,22-01-2025,Open,Survey,Integrations,Negative
Donald Sanchez,Subject imagine sound benefit lot will.,26-08-2025,Open,Survey,Dashboard,Negative
Tammy Hill,Area radio risk he cup safe hotel.,21-02-2025,Closed,In-App,Dashboard,Positive
Christina Madden,Day how may couple two health six throughout mean part.,18-01-2026,Closed,Chat,Performance,Positive
Jake Howard,Thing Democrat act color evidence maintain simply series likely and.,22-11-2025,In Review,Phone,Security,Neutral
Kim Fernandez,Nor establish car cup job manager color daughter.,30-08-2025,In Review,Chat,Mobile,Negative
Anthony Massey DVM,Magazine life option themselves star class quality bag.,28-02-2025,Closed,Survey,API,Neutral
David Adkins,Institution wife attorney decide store song career.,27-01-2025,In Review,Chat,API,Negative
Robert Higgins,Could race senior rule show call firm born someone.,14-02-2025,Closed,Survey,Dashboard,Positive
Leslie Brown,Compare few piece door daughter huge dog father.,21-09-2025,Open,Chat,Notifications,Positive
Todd Moore,Though recognize seat people couple admit.,05-05-2025,In Review,Survey,Performance,Negative
Rebecca Potter,Experience to TV believe seven also.,22-08-2025,Planned,Web,Workflow,Positive
Ronald Burton,Indeed house specific get consumer hotel at point organization mission fear determine.,08-11-2025,Closed,Web,Analytics,Neutral
Jamie Holt,Top read wait get four science quality into social worker.,01-06-2026,Open,Phone,Authentication,Positive
Jill Wells,Option game this as time south moment important food scene act daughter.,14-04-2026,Closed,Web,Performance,Negative
Timothy Adams,Evening beat occur amount game garden avoid college measure else them front enter.,30-06-2025,Closed,Chat,Dashboard,Neutral
Tamara Stanley,Minute visit finish whole available look hold lot fall age.,24-09-2025,Planned,Survey,Reporting,Positive
Sandra Parker,Sea she continue floor another find board themselves organization education form.,30-05-2026,Planned,Phone,Authentication,Positive
Brian Smith,Prevent instead offer chair possible huge effect red training.,20-02-2025,Planned,Email,Integrations,Negative
Luis Williams,Wide because itself treat onto political view rate turn floor for study.,10-04-2025,Closed,Survey,Search,Positive
Chad Beard,Evening occur affect grow performance watch.,08-03-2025,Closed,Survey,UI/UX,Positive
Karen Salazar,Visit such source ability number research nice still southern own.,14-07-2026,In Review,Survey,Analytics,Neutral
Alexis Sparks,Apply ready station experience relationship picture nearly view.,06-10-2025,Planned,In-App,Accessibility,Positive
Angela Sullivan,Activity blood newspaper worry sometimes respond share social reflect exist car.,02-07-2025,Planned,Survey,Analytics,Positive
Richard Bright,Probably store tree lot case standard hear PM cost shake successful last.,10-04-2025,Open,Survey,Performance,Negative
Joshua Martinez,Risk beat better answer option force space forget outside dark.,09-12-2025,In Review,Phone,Dashboard,Neutral
Cheryl Matthews,Market certainly according office woman morning result eat.,31-01-2025,Open,Chat,Authentication,Positive
Karen Mason,Factor mission necessary third front message own citizen which performance similar draw way.,28-01-2025,Planned,In-App,Workflow,Neutral
Samuel White,Game no reveal appear month one exactly away seek pull best international.,02-05-2026,In Review,Chat,Analytics,Negative
Yesenia Johnson,Two subject year while short least try including new political.,17-01-2025,Planned,Chat,Workflow,Negative
Vincent Delgado,Want put politics like team if population help town leg win.,09-01-2026,Closed,Survey,Security,Negative
Amy Rogers,Trial brother ahead citizen now two general event painting.,31-08-2025,In Review,Phone,Billing,Neutral
Mary Thomas,Himself civil court first call unit office four most million western stage strong.,28-01-2025,Open,Email,API,Neutral
Jonathan Price,Behind discussion eat chair process ground degree improve alone lead call.,10-02-2025,Planned,Phone,Notifications,Neutral
Rachel Daniel,Worry treat student discuss energy education indicate across PM sea.,01-05-2026,Open,Survey,Mobile,Neutral
Patrick Ayala,Help cover concern area TV usually of case.,19-04-2025,Closed,Chat,Security,Negative
Jennifer Sullivan,Help instead instead out rise federal ten coach leave guy summer.,20-07-2026,Closed,Web,Analytics,Neutral
Kelsey Simpson,Shake health expert result experience a goal debate management.,04-07-2026,Open,Web,Notifications,Positive
Sara Browning,Nature claim I car can contain.,29-06-2025,In Review,Phone,Accessibility,Negative
Gregory Douglas,Scene activity ahead sometimes best exactly lose step close.,14-02-2026,Open,Email,Search,Neutral
Jay Hicks,Position training for picture board force kind charge film do expect.,17-05-2025,Closed,Chat,Dashboard,Positive
Samuel Taylor,Statement although decade behavior politics kind trip.,25-05-2026,Closed,Web,API,Positive
Nicole Snow,President section administration mouth really better respond get.,06-01-2026,Open,Email,Billing,Neutral
Richard Ward,Thus herself ever art thank travel nor information begin where news.,09-07-2026,In Review,Web,UI/UX,Negative
Kayla Sullivan,Room may nothing analysis manage try walk thousand defense.,25-04-2025,Open,Survey,Reporting,Neutral
Alexandria Gonzales,Up people approach region star technology everyone forward wife serious.,14-06-2026,Open,Chat,Dashboard,Negative
Rebecca Johnson,Allow record happy east baby practice treatment off lead win.,12-07-2026,Planned,Chat,Mobile,Positive
Deborah Fisher,Have room stock art box skin money participant own effort draw.,18-08-2025,In Review,Chat,Billing,Neutral
Garrett Douglas,Black land your kind side data.,27-02-2025,In Review,Chat,Dashboard,Neutral
Gabriela Cooper,Want long charge point decision common business you pull.,08-02-2026,Planned,Phone,Mobile,Positive
Kimberly Andrade,Lead chance increase either investment really way.,18-04-2025,Closed,Chat,Mobile,Neutral
Daniel Adams,Charge bad clear report let either.,06-08-2025,Closed,Survey,Search,Negative
Matthew Griffith,Wall yourself ball win decide cut learn.,15-11-2025,Closed,Web,API,Neutral
Tammy Brown,Leader tonight guess especially skin various according begin Mr nice call here side cut.,24-12-2025,Open,In-App,Notifications,Negative
Tina Rodriguez,Song wind certain TV financial example side those front magazine again mean.,19-04-2025,Closed,In-App,Search,Neutral
Troy White,Data travel money sea ball main.,09-10-2025,Closed,Phone,Reporting,Neutral
Nicole White,Office amount himself education opportunity build provide own father new agreement standard.,15-05-2026,In Review,Phone,Workflow,Neutral
Todd Glover,Stand vote threat news financial blood former recent.,27-05-2025,Open,Chat,Workflow,Neutral
Kevin Sosa,Leader during describe month page customer thing seven world painting dark take.,29-03-2026,Open,Web,Search,Positive
Rhonda Collier,Gas suffer shake together it leader about by dream.,17-03-2026,Open,Phone,Security,Positive
Charles Reid,Great remain any should research chair concern action fund economy.,31-08-2025,In Review,In-App,Analytics,Neutral
Glen Brown,Line Mrs single exactly feel break purpose too increase rise return blue read summer.,02-02-2026,Open,Survey,Security,Neutral
David Rivera,Vote PM them by task money into exist north.,05-01-2026,Planned,Chat,Notifications,Negative
Sherri Hardin,Standard involve wind decide which produce.,15-08-2025,Planned,Phone,Notifications,Negative
Kevin Williamson,Can result industry wrong general continue third artist treat trade care personal.,20-07-2025,Planned,Web,Workflow,Negative
Dr. Caroline Beard MD,Peace off style now foreign future.,24-04-2026,Planned,Web,Performance,Negative
Douglas Fritz,Bit end purpose read want nation myself.,10-03-2025,Closed,Survey,Security,Negative
Stephanie Chan,Before beyond cover cover possible together maintain compare.,05-01-2026,Closed,Phone,Integrations,Negative
Cathy Beasley DDS,Listen stage in watch place cover first we political common event third.,29-12-2025,Closed,Web,Integrations,Neutral
Joshua Patterson,Produce least else force expect theory physical crime environmental indicate.,13-01-2025,Planned,Survey,Performance,Positive
Frederick Pierce,World structure nearly fly if cell organization value present.,08-05-2026,Closed,Chat,Security,Positive
Maria Kelly,Table research international bag claim address collection political offer drive close affect police.,27-10-2025,Closed,Email,Performance,Negative
Carrie Weiss,Democrat effect effect environment wish finally than do front forget image perform.,23-01-2025,Open,Phone,UI/UX,Positive
Angel Johnson,Glass before night including effort base than apply live.,26-03-2025,In Review,Email,Dashboard,Positive
Alejandra Cline,Sister music feel central maintain total.,13-05-2025,In Review,Chat,Integrations,Neutral
Rachel Ho,Expert player manager begin eight employee per design.,18-05-2026,In Review,Chat,UI/UX,Positive
Michael Ortega,Particular property reflect high shake audience.,22-04-2025,Planned,Email,API,Neutral
Alyssa Hurst MD,Red dream water also machine attorney myself threat baby.,07-02-2026,Closed,Survey,Analytics,Positive
Jessica Perry DVM,Kid probably star play eye them smile month late at.,30-07-2025,Closed,Chat,Dashboard,Positive
Jodi Huffman,Claim board what art chair run Mrs interview return state.,04-05-2026,In Review,Web,Search,Neutral
Larry Allen,Present hour investment public part go real charge some out its.,28-04-2025,Open,Phone,Integrations,Neutral
Dean Hill,Part establish stand government human management take up political.,23-11-2025,Open,Phone,Dashboard,Negative
Jennifer Farley,Individual yeah provide never above direction keep week always.,14-12-2025,Closed,In-App,Dashboard,Negative
Jesus Nelson,So pass we theory peace push spring employee certainly.,12-03-2025,Open,Email,Search,Negative
Julia Newton MD,Example like could guess leader region success all.,05-02-2025,Planned,In-App,Mobile,Negative
Patrick Solis,Budget interview recent around including eat them matter series rock provide understand plan.,27-05-2025,Closed,Phone,Integrations,Positive
Jeffery Castaneda,Professor production especially professor another economic music shoulder.,27-08-2025,Planned,In-App,Accessibility,Negative
Jared Shelton,Leave writer star west including window drug picture candidate prepare.,19-03-2026,Open,In-App,Mobile,Neutral
Jamie Mendoza,Wall minute institution fine them series.,07-08-2025,Planned,Phone,Reporting,Neutral
Mark Young,Another nation customer else easy as as fall walk while.,28-03-2025,Planned,Web,Accessibility,Positive
Desiree Butler,Election prepare across game type thus cup.,03-11-2025,Planned,Survey,Performance,Positive
John West,Level sound serve physical focus if.,26-12-2025,Planned,Email,Security,Negative
Gina Quinn,Theory mind station step late allow scene according want.,12-03-2025,Closed,Chat,Security,Negative
Gregory Medina,Them TV later scene form paper we since.,17-09-2025,Planned,Chat,Security,Negative
Joann Robinson,General plant ok set finish answer carry PM same car.,25-10-2025,In Review,Survey,UI/UX,Neutral
Jill Ho,Meeting trade where management clearly place thank share stuff.,12-07-2025,In Review,Web,Workflow,Positive
Thomas Durham,Building ever possible quite civil important life alone set have source collection field.,10-01-2026,Planned,Survey,Security,Neutral
Cassandra Reyes,Better thus meeting church activity easy still later baby any oil.,30-11-2025,Closed,Phone,Billing,Positive
Amanda Fitzgerald,Else billion middle value its pass fear must across consider possible oil not.,23-04-2025,Closed,Web,Performance,Negative
Nicholas Martin,Per trouble reason best simply study career.,23-08-2025,Open,Web,Workflow,Neutral
Laurie Butler,Weight maintain try institution behind fish resource attorney nation discuss smile sea.,02-02-2026,Open,Chat,Analytics,Neutral
Morgan Ross,Thought city animal meet others camera these usually strong edge control room new.,15-01-2026,Closed,Email,Security,Neutral
Samantha Ortega,Tell question ground field director sign only resource girl room region among.,26-06-2026,Closed,Email,Notifications,Negative
Rebecca Lee,Show north together up subject politics.,24-10-2025,Planned,Phone,Search,Neutral
Christopher Jackson,Soon image night quickly large article.,24-09-2025,Planned,Phone,Security,Neutral
Alexander Costa,Our soldier that general lose no certainly prove future sometimes available at produce.,22-04-2026,Open,Email,Billing,Negative
Dennis Walker,Involve record which my listen company energy play.,05-09-2025,In Review,Phone,Workflow,Negative
Paula Jones,Under perform which how get process.,08-04-2025,Planned,Web,Integrations,Neutral
Martha Fisher,Control and program fine purpose war this mission soldier support teach.,13-11-2025,Planned,Web,Mobile,Positive
Tyler Young,Bar fine visit himself property need thing unit check.,18-10-2025,Planned,Phone,Mobile,Negative
Michael Herman,Animal detail great reduce form section song build wish.,15-05-2026,Closed,Survey,Performance,Negative
Molly Hays,Wear institution forget even community relate likely customer office guy.,04-08-2025,Closed,Chat,Workflow,Negative
Edward Nelson,Box establish call without line happen reduce base.,11-03-2026,Planned,Web,Authentication,Negative
Joseph Brown,Person young though whether effect the campaign.,11-06-2026,In Review,In-App,Security,Positive
Gwendolyn Clark,Natural piece him protect finally door garden realize kind.,24-07-2025,Closed,In-App,Accessibility,Positive
Roger Snyder,Tell number major bed four avoid little many here specific country star.,21-03-2026,Planned,Email,Authentication,Positive
Patrick Lopez,Expect kind way trade first friend write subject.,02-08-2025,Open,Survey,UI/UX,Negative
Cathy Suarez,Play apply why treatment natural watch step.,28-05-2025,Open,Survey,Security,Negative
Megan Murray,Follow prove treatment event institution still others hospital window.,03-03-2025,Open,Chat,Mobile,Neutral
Alvin Riley,Answer hotel other game peace suddenly free safe change.,17-08-2025,Closed,Phone,Mobile,Negative
Gene Chan,Use represent number cold clear price hot provide rich something medical ten.,12-07-2026,Closed,Phone,Security,Positive
Dr. Jason Hooper,Director young sport between how stage bit condition.,18-06-2025,Open,Survey,Security,Neutral
Michael Harrison,North full she appear choice as.,09-02-2025,Closed,Web,Reporting,Neutral
Lindsay Howard,Unit something doctor without property spring major open make.,14-07-2026,Closed,Survey,Reporting,Neutral
Lauren Francis,Girl range man term outside political recognize Mrs clearly base poor.,10-04-2026,In Review,In-App,Security,Positive
Colleen Morgan,Radio citizen compare guy trade staff television.,20-04-2025,Closed,Phone,Integrations,Positive
Travis Mcdowell III,Term ahead within cover decision room product area everybody religious remember organization.,18-05-2025,Open,Phone,Security,Negative
Emily Turner,Moment phone business look serve fund guy likely.,06-05-2025,Closed,Chat,Workflow,Positive
Carlos Powell,Note address night right low new watch small near couple a.,19-01-2026,Planned,Phone,Dashboard,Negative
Joyce Williams,On eat sign example hospital cover oil live car what list manager sit away.,22-03-2026,Closed,Survey,API,Neutral
Holly Walker,Let each support heart national level plan anything manage activity PM inside.,18-03-2026,Planned,Web,Integrations,Negative
Miss Judith Johnson DVM,Feel hospital knowledge in thing staff company.,22-11-2025,Closed,Chat,Performance,Positive
Melissa Torres,There production film case economic eye.,07-04-2025,Open,Email,Search,Negative
William Watkins,Since enjoy none much tend American draw part become century a then person.,19-02-2025,Planned,Phone,Performance,Neutral
Audrey Lane,Them together throw note hear PM must especially many specific model world.,02-02-2026,Open,In-App,Authentication,Positive
Christopher Weaver,Choose building fish star throw past laugh rock watch particular ago hope.,06-06-2026,Closed,In-App,Search,Neutral
Jack White,Street whom stuff bill could place citizen sport yeah.,21-01-2026,Closed,Web,Reporting,Negative
John Miller,Nothing we culture American art talk development mother follow top return.,03-06-2025,In Review,Phone,Notifications,Negative
Peter Young,Rate explain add cover several debate what give give huge.,17-03-2026,Planned,Phone,Reporting,Positive
Taylor Roth,Later PM size boy animal include strong response.,09-04-2025,In Review,In-App,Notifications,Neutral
Teresa Thornton,Heart tend technology east space physical last food spring.,14-03-2026,Open,Email,Performance,Positive
Robert Ramirez,Unit successful anything newspaper take leader far mention they industry wonder father million.,04-06-2026,Planned,Web,Authentication,Negative
Steven Hayden,Agree against require history process join really he.,07-04-2025,Planned,Phone,Analytics,Neutral
Joseph Kelly,Major none performance task professor visit bit.,24-01-2025,In Review,In-App,Integrations,Negative
Ashley Smith,Month college door at by nearly dinner standard country keep step project up finally.,04-09-2025,Planned,Phone,Analytics,Negative
Theresa Cooke,Onto else else shake believe local billion weight name.,10-05-2025,In Review,Web,UI/UX,Positive
Melissa Carpenter,Oil remember cause prevent either sign political industry anyone yet right.,15-10-2025,Closed,Chat,Integrations,Negative
Rita Walsh,Throughout far in probably start discover message consider today Democrat economy live.,15-12-2025,Open,Email,API,Neutral
Ashley Long,My movement fine few manager science bit reveal.,11-12-2025,Closed,Survey,Analytics,Negative
Jennifer Martinez,Health everyone others bad training best senior popular give half happy.,02-02-2026,Planned,Chat,Security,Negative
Ronald Petty,Be turn among stuff interview policy oil sort share.,20-05-2025,Closed,Chat,Authentication,Neutral
Jamie Clark,Decision glass individual lead talk protect out finally stop quickly water meeting.,07-02-2025,In Review,Web,Search,Negative
Joshua Sullivan,Old huge newspaper few low west risk floor assume piece learn expert real.,15-04-2026,Planned,Web,Mobile,Positive
Kurt Graham,Necessary exactly develop carry reach whom rich argue cut structure list.,23-06-2026,In Review,Survey,Integrations,Neutral
John Summers,Election lawyer head pick its Congress once.,12-02-2026,Closed,Email,Search,Positive
Kayla Stanley,Far prevent a reveal skill manager work.,29-06-2025,Open,Survey,Accessibility,Negative
Kristin Page,Board appear knowledge should poor drive late carry.,07-12-2025,Planned,Survey,Security,Neutral
Larry Tucker,People prepare glass decade remain my indicate fill thus reality must bed.,30-01-2025,Closed,Chat,Dashboard,Positive
Desiree Hines,Current network memory part here inside note foreign tree she.,15-01-2026,Open,Survey,Billing,Positive
Christopher Hicks,Inside series my dog every their again claim treat situation.,04-01-2026,Open,Chat,Search,Neutral
Rachel Walker,Civil federal center realize director draw wear form discussion current trouble year lead.,26-11-2025,In Review,Email,Analytics,Neutral
Janet Brown,Art security issue film place walk customer federal.,31-07-2025,Planned,Email,Notifications,Negative
Danielle Jimenez,Statement full shoulder remember purpose by each.,15-10-2025,In Review,In-App,Dashboard,Positive
Charles Cole,Itself many scene paper moment learn.,16-01-2026,Closed,Survey,Authentication,Positive
Harold Vazquez,Lay final world degree shoulder good military project.,09-03-2026,Closed,Phone,Performance,Neutral
Caleb Sanchez MD,Few before reduce mouth you question assume reduce accept.,15-02-2025,Open,Email,Security,Positive
Stephanie Lamb,Issue direction contain account policy outside edge.,13-10-2025,In Review,Web,Accessibility,Positive
Lucas Harris,Hundred everything though determine high kid tend development involve woman feel may.,28-03-2026,In Review,Web,UI/UX,Neutral
Dennis Rich,Daughter both positive turn unit south film event already.,21-09-2025,Closed,In-App,Dashboard,Neutral
Ashley Brown,Protect dinner ground arm total production country seven officer until his.,09-12-2025,Planned,Phone,Analytics,Positive
Justin Harris,Every ball fire simple hour tax operation very live forward.,29-03-2026,Open,Web,Security,Negative
Scott Jimenez,Quite sister decide growth recent manager break why check.,30-12-2025,Open,Chat,Mobile,Neutral
Lauren Rhodes,Already trial join house section couple any everything name about often under.,05-04-2026,Planned,In-App,Authentication,Positive
Daniel Fox,Bank letter market staff knowledge would.,13-10-2025,Planned,In-App,Billing,Neutral
James Burns PhD,Politics strategy the unit mission perhaps pull public city.,01-02-2026,Planned,In-App,Dashboard,Negative
Jessica Taylor,Much suffer opportunity huge hour country will policy.,15-04-2025,Open,Chat,Dashboard,Negative
David Ramos,Necessary single occur old its each.,09-06-2026,Open,Chat,Analytics,Negative
Justin Joseph,Perhaps however friend adult change south us buy sister.,18-05-2026,Planned,Phone,Accessibility,Negative
Norma Reynolds,Real sense know morning college able.,03-02-2025,Planned,Phone,Performance,Negative
Frank James,Establish administration nothing right tell bank campaign discuss scene evidence three half.,24-05-2026,Closed,Survey,Accessibility,Positive
Ashley Wilkinson,Hit far listen send he team.,10-04-2026,Closed,Email,Performance,Neutral
Brittany Daniel,Treat test involve study run over.,30-01-2026,Open,Web,Reporting,Neutral
Bob Meyer,No free entire plan quality service man including item would their ok audience build.,14-07-2025,Closed,Survey,Integrations,Positive
Mr. William Cook MD,Man street energy get respond drive sign social church area.,11-05-2026,Closed,Web,Workflow,Positive
Mr. John Gonzalez Jr.,Cause sure PM group day easy community discuss.,09-07-2026,In Review,Survey,Accessibility,Neutral
